Bottle Size,PN,Product,Flavor,Loc
3,2102,DEMON DUST,CINNAMONIC,I102
7,2104,INSANE VEINZ AU,FRUIT PUNCH,Darkside
7,2108,PSYCHOTIC AU,FRUIT PUNCH,Darkside
7,2302,PSYCHOTIC,APPLE,G201
7,2322,PSYCHOTIC,COTTON CANDY,H202
7,2323,PSYCHOTIC,FRUIT PUNCH,G201
7,2506,PSYCHOTIC,GRAPE,H201
7,2517,INSANE VEINZ,FRUIT PUNCH,I302
7,2520,INSANE VEINZ,GRAPE,I302
7,2593,INSANE VEINZ,UNFLAVORED,I302
7,2662,POSSESSED,GUMMY WORM,F101
7,2663,POSSESSED,STRAWBERRY PINA,F101
7,2933,PSYCHOTIC,SNO CONE,L202
7,3063,PSYCHOTIC,WATERMELON,G202
5,3243,INSANE CUTZ (CLOWN GIRL),CAPS (45 CT),A202
7,3331,MANSON,MIXED BERRY,G103
7,3332,MANSON,BLUE RASPBERRY,G103
6,3478,INSANE FOCUS .GG,FOCUS FRUIT,F102
7,3724,PSYCHO CIRCUS,COTTON CANDY,F103
7,3726,PSYCHO CIRCUS,SWEET WATERMELON,F103
7,3817,PSYCHOTIC,GUMMY CANDY,G202
7,3852,I AM GOD,DRINK YE ALL OF IT,G101
7,3853,I AM GOD,FRUIT PUNCH,G101
7,3854,I AM GOD,APPLE,G101
5,3909,UNICORN ABS,CAPS (60 CT),A102
5,3967,UNICORN ENERGY,CAPS (60 CT),A101
7,3970,I AM GOD UK,APPLE,Darkside
7,3971,I AM GOD UK,DRINK YE ALL OF IT,Darkside
7,3972,I AM GOD UK,FRUIT PUNCH,Darkside
7,4025,INSANE VEINZ,APPLE,I302
6,4062,INSANE FOCUS .GG,SUB ZERO,F102
7,4077,I AM GOD,THOU SHALT NOT COVET,G101
7,4144,REDRUM,REDRUM,I301
7,4145,REDRUM,MURDER IN A BOTTLE,I301
7,4146,REDRUM,DEVILS BLOOD,I301
7,4412,PSYCHOTIC GOLD,GUMMY CANDY,E203
7,4413,PSYCHOTIC GOLD,ORANGE,E202
7,4414,PSYCHOTIC GOLD,FRUIT PUNCH,E201
6,4419,INSANE CUTZ (INT),COTTON CANDY,J303
6,4420,INSANE CUTZ (POWDER),SMASHING APPLE,Darkside
7,4421,PSYCHOTIC INT,RAINBOW CANDY,J102
7,4422,PSYCHOTIC SPARTAN,WATERMELON,Darkside
7,4423,I AM GOD SPARTAN,GRAPE,Darkside
7,4615,PSYCHOTIC,SOUR CHERRY COLADA,Darkside
7,4620,I AM GOD (INT),GUMMY CANDY,J302
7,4675,PSYCHOTIC GOLD SPARTAN,GUMMY CANDY,J103
7,4676,PSYCHOTIC GOLD SPARTAN,FRUIT PUNCH,J103
5,4683,28 DAYS LATER,90 CT,B103
7,4688,THE SURGEON,BLUE RASPBERRY,F103
7,4689,THE SURGEON,FRUIT PUNCH,F102
11,4740,INSANE WHEY,STRAWBERRIES AND CREAM,C201
11,4747,INSANE WHEY,CHOCOLATE,C201
11,4763,INSANE WHEY,VANILLA,C201
7,4797,PSYCHOTIC HELLBOY,LEMONADE,G301
7,4798,PSYCHOTIC HELLBOY,BLUE RASPBERRY,G301
7,4799,PSYCHOTIC HELLBOY,FRUIT PUNCH,G301
7,4800,INSANE AMINO HELLBOY,LEMONADE,F302
7,4801,INSANE AMINO HELLBOY,BLUE RASPBERRY,F303
7,4802,INSANE AMINO HELLBOY,FRUIT PUNCH,F302
6,4815,INSANE CUTZ (POWDER),RAINBOW CANDY,J303
7,4822,STRAIN,TROPICAL HAZE,I102
7,4823,STRAIN,BLUEBERRY YUM YUM,I101
7,4824,STRAIN,PINEAPPLE EXPRESS,I102
3,4828,INSANE WHEY (SAMPLE),CHOCOLATE,C103
7,4838,PSYCHOTIC BLACK,FRUIT PUNCH,E301
7,4839,PSYCHOTIC BLACK,WATERMELON,E301
7,4842,PSYCHOTIC,PEACH MANGO,H202
5,4845,UNICORN PRE,GLITTER PUNCH,A101
7,4850,NIGHTMAR AU,GRAPE,J103
7,4854,INSANE VEINZ GOLD,FRUIT PUNCH,D103
7,4855,INSANE VEINZ GOLD,GRAPE,D103
7,4856,INSANE VEINZ GOLD,APPLE,D102
7,4860,ROASTED JOINTS,CANNABIS PUNCH,I102
5,4865,UNICORN PRE,SPARKLING BLUE,A101
5,4870,PSYCHOTIC DIABLO,60 CT,B202
10,4875,INSANE WHEY 2LB,STRAWBERRIES AND CREAM,C101
10,4876,INSANE WHEY 2LB,CHOCOLATE,C101
10,4877,INSANE WHEY 2LB,VANILLA,C101
11,4884,INSANE WHEY 11,CHOCOLATE PEANUT BUTTER,C202
10,4885,INSANE WHEY 2LB,CHOCOLATE PEANUT BUTTER,C102
7,4893,PSYCHOTIC GOLD,BLUE PUNCH,E202
5,4899,KILL H20 CAPSULES,60 CAPSULES,A102
3,4904,AGAMTINE SULFATE,RAW,I101
7,4905,BETA ALANINE,RAW,I101
6,4906,D-ASPARTIC RAW,RAW,H301
7,4907,GLUTAMINE RAW,RAW 40 SRV,H103
7,4913,NIGHTMARE,FRUIT PUNCH,F101
5,4917,VITAMIN C + ZINC,120 CAPSULES,A201
3,4920,PSYCHOTIC 10 SRV,CHERRY BOMB,Darkside
1,4929,WAKE THE DEAD,SPEARMINT,I103
5,4930,CALCIUM HMB,120 CAPSULES,A103
7,4932,CREATINE MONOHYDRATE,RAW,I101
5,4933,ZMA,90 CAPSULES,A102
9,4936,DEMON BCAA (SUPPLEMENTOS),BLUE RASPBERRY,E101
9,4938,DEMON BCAA (SUPPLEMENTOS),GRAPE,E101
8,4941,GLUTAMINE (60 SRV) (SUPPLEMNTOS),RAW,H103
7,4944,PSYCHOTIC SWEEDISH,APPLE,J101
7,4945,PSYCHOTIC SWEEDISH,RAINBOW CANDY,J101
7,4946,PSYCHOTIC SWEEDISH,WATERMELON,J102
7,4948,PSYCHOTIC (VS),FRUIT PUNCH,J302
7,4949,PSYCHOTIC (VS),GUMMY CANDY,J302
11,4952,INSANE WHEY,APPLE PIE,Darkside
7,4954,INSANE VEINZ GOLD,CRYSTAL LAKE,Darkside
7,4956,INSANE VEINZ GOLD,GUMMY CANDY,D103
7,4960,POSSESSED,WATERMELON,F102
7,4962,PSYCHOTIC BLACK,GRAPE,E302
11,4968,INSANE WHEY RIPPED 11,CHOCOLATE,C303
11,4969,INSANE WHEY RIPPED 11,VANILLA,C303
7,4970,PSYCHOTIC GOLD,CHERRY BOMB,E201
6,4975,L-CITRULLINE,RAW,H302
6,4976,L-CARNITINE,BLOOD ORANGE,H302
6,4977,L-CARNITINE,BLUE LEMONADE,H302
2,4982,MELATONIN 3MG CAPSULES,100 COUNT,H102
2,4984,MELATONIN 5MG CAPSULES,100 COUNT,H102
2,4986,MELATONIN 10MG CAPSULES,100 COUNT,H102
11,4988,INSANE ISO,VANILLA,C302
11,4990,INSANE ISO,CHOCOLATE,C303
7,4991,PSYCHOTIC TEST,GRAPE,C301
7,4992,PSYCHOTIC TEST,WATERMELON,C301
7,4993,PSYCHOTIC TEST,FRUIT PUNCH,C301
7,5001,PSYCHOTIC GOLD SPARTAN,BLUE PUNCH,J102
7,5003,PSYCHOTIC GOLD AMAZON,GUMMY CANDY,J202
7,5005,PSYCHOTIC GOLD AMAZON,CHERRY BOMB,J201
7,5006,PSYCHOTIC GOLD AMAZON,BLUE PUNCH,J201
7,6005,PSYCHOTIC HELLBOY AMAZON,BLUE RASPBERRY,J203
7,6006,PSYCHOTIC HELLBOY AMAZON,FRUIT PUNCH,J203
7,6008,I AM GOD (AMAZON),FRUIT PUNCH,Darkside
7,6012,I AM GOD,ROCKET POP,G102
7,6015,PSYCHOTIC,HAWAIIAN ORANGE,H203
7,6017,PSYCHOTIC GOLD,PINA COLADA,E203
7,6019,PSYCHOTIC HELLBOY AMAZON,LEMONADE,J202
7,6020,PSYCHOTIC GOLD AMAZON,ORANGE,J201
7,6024,PSYCHOTIC GOLD,DEMON PUNCH,Darkside
7,6028,THE SURGEON,RAZOR APPLE,F103
11,6030,INSANE WHEY,BIRTHDAY CAKE,C203
7,6033,PSYCHOTIC TEST,LEMON LIME,C302
7,6035,PSYCHOTIC,BLUE RASPBERRY,H203
7,6037,INSANE VEINZ,BLUE RASPBERRY,I303
7,6039,PSYCHOTIC,SANTA'S BLOOD,H303
4,6042,L-CARNITINE (CAPSULES),90 COUNT,G303
4,6044,CAFFEINE CAPSULES,120 COUNT,H301
4,6048,YOHIMBINE HCL,120 COUNT,H303
7,6050,PSYCHOTIC AMAZON,COTTON CANDY,K102
7,6051,PSYCHOTIC AMAZON,BLUE RASPBERRY,L102
7,6052,PSYCHOTIC AMAZON,GRAPE,L101
7,6053,PSYCHOTIC AMAZON,FRUIT PUNCH,L101
7,6054,PSYCHOTIC AMAZON,PEACH MANGO,K102
7,6055,PSYCHOTIC AMAZON,HAWAIIAN ORANGE,L102
7,6056,PSYCHOTIC AMAZON,APPLE,L102
7,6057,PSYCHOTIC AMAZON,GUMMY CANDY,L101
7,6058,PSYCHOTIC GOLD AMAZON,PINA COLADA,J202
4,6060,TRIBULUS (CAPSULES),90 COUNT,H103
7,6063,PSYCHOTIC SWEEDISH,PEACH MANGO,N101
7,6065,PSYCHOTIC SWEEDISH,COLA,N101
7,6067,PSYCHOTIC SWEEDISH,BUBBLE GUM,N101
7,6069,PSYCHOTIC AMAZON,WATERMELON,L101
4,6070,AMB CAPSULES (SWEEDISH),120 COUNT,H102
7,6073,THE SURGEON (SUMMER SERIES),PINK LEMONADE,N102
7,6076,INSANE VEINZ (SUMMER SERIES),STRAWBERRY LEMONADE,N102
7,6078,PSYCHOTIC (SUMMER SERIES),BLUE LEMONADE,N102
7,6080,PSYCHOTIC SPAIN,FRUIT PUNCH,M102
3,6083,PSYCHOTIC GOLD,GUMMY CANDY (15 SERVINGS),M101
6,6085,PSYCHOTIC DIABLO,CHERRY LEMONADE,N102
7,6090,PSYCHOTIC,CHERRY LIMEADE,M202
7,6092,PSYCHOTIC GOLD,WATERMELON,M102
7,6093,PSYCHOTIC GOLD,GRAPE,M102
7,6094,PSYCHOTIC GOLD AMAZON,GRAPE,K102
7,6100,PSYCHOTIC 60 SERVING,WATERMELON,N201
7,6101,PSYCHOTIC 60 SERVING,FRUIT PUNCH,N201
7,6102,PSYCHOTIC 60 SERVING,GRAPE,N201
7,6105,PSYCHOTIC BLACK,BLUE RASPBERRY,E303
7,6106,PSYCHOTIC BLACK AMAZON,BLUE RASPBERRY,K201
7,6107,PSYCHOTIC BLACK,GUMMY CANDY,E303
7,6108,PSYCHOTIC BLACK AMAZON,GUMMY CANDY,K201
7,6111,PSYCHOTIC HELLBOY,CHERRY LIMEADE,L201
7,6112,PSYCHOTIC HELLBOY AMAZON,CHERRY LIMEADE,K202
7,6117,PSYCHOTIC HELLBOY,GRAPE,L201
7,6118,PSYCHOTIC HELLBOY AMAZON,GRAPE,K201
7,6120,PSYCHOTIC,ZOMBIE PISS,M102
7,6122,PSYCHOTIC WAR ZOMBIE,WATERMELON,N202
7,6124,PSYCHOTIC WAR ZOMBIE,GRAPE,N202
7,6126,PSYCHOTIC WAR ZOMBIE,FRUIT PUNCH,N202
1,6129,WAKE THE DEAD,WINTERGREEN,I103
3,6132,PSYCHOTIC GOLD,CHERRY BOMB (15 SRV),M101
3,6134,PSYCHOTIC,FRUIT PUNCH (15 SRV),M101
11,6143,INSANE WHEY 11,COOKIES AND CREAM,C202
7,6145,INSANE WHEY,CHOCOLATE (5 SRV),C102
12,6149,THEY LIVE CAPSULES,30 COUNT,K101
12,6151,OXYGOLD CAPSULES,30 COUNT,K101
7,6156,LONG BALL,FRUIT PUNCH,M201
7,6157,LONG BALL,LEMONADE,M201
7,6158,LONG BALL,APPLE,M201
7,6176,PSYCHOTIC,CHERRY LIMEADE,L202
7,6177,PSYCHOTIC AMAZON,CHERRY LIMEADE,K102
7,6180,PSYCHOTIC CLEAR,LEMONADE,M202
7,6182,PSYCHOTIC CLEAR,FRUIT PUNCH,M202
10,6184,INSANE WHEY 2LB,COOKIES AND CREAM,C102
10,6186,INSANE WHEY 2LB,BIRTHDAY CAKE,C103
10,6192,MOTHER PROTEIN,CHOCOLATE,
10,6193,MOTHER PROTEIN,VANILLA COFFEE,
11,6195,INSANE WHEY 11,CARNIVAL PB,
7,6200,INSANE VEINZ (SUMMER SERIES),MANGLED LEMONADE,P301
7,6201,PSYCHOTIC (SUMMER SERIES),MANGLED LEMONADE,P301
6,6199,INSANE CUTZ (SUMMER SERIES),MANGLED LEMONADE,P301